lat,lon,time,brightness
-33.924356918525916,18.419513507360257,0.0,45.60443160445602
-33.92435691871284,18.419513507567686,1.0,46.27557894483024
-33.92435692276019,18.41951351205901,2.0,46.28422821421682
-33.92435692195599,18.419513542226582,3.0,46.05226996527778
-33.92435680960327,18.41951364246425,4.0,45.015995973186726
-33.924356342451965,18.41951395049667,5.0,44.71992398485725
-33.92435487555314,18.41951526725006,6.0,43.372141203703706
-33.92435176021658,18.419518237134593,7.0,43.47525215808256
-33.92434751494843,18.419524861793136,8.0,46.04636447482639
-33.92434124748724,18.419535362275166,9.0,45.74323398919753
-33.92433456310536,18.419549169540904,10.0,44.30877947771991
-33.924327093202535,18.419564977249912,11.0,43.17158028308256
-33.92432209684846,18.419583092844373,12.0,42.86013400607639
-33.92431772067855,18.419601480786557,13.0,43.173328149112656
-33.924312558028895,18.41961952388734,14.0,43.12239330150463
-33.92430679842626,18.419635446160402,15.0,43.07692358699845
-33.924300500101964,18.419649803339723,16.0,44.04064712336034
-33.9242947205603,18.419663094487724,17.0,44.96137050298997
-33.924289313476955,18.41967393924962,18.0,44.100327208719136
-33.92428356549235,18.419682522212703,19.0,45.03269507137345
-33.924278013519505,18.4196907778185,20.0,45.453229468074845
-33.92427219870992,18.419698084577732,21.0,46.06785614390432
-33.92426430556353,18.419696760748987,22.0,47.20869743441358
-33.92425646336796,18.419696058075452,23.0,45.968678686824845
-33.92424939116213,18.419696196955503,24.0,46.3376407576196
-33.924240975326555,18.41969858008224,25.0,46.18917468412423
-33.924231799490656,18.419699836172917,26.0,43.980704511477626
-33.92422310214701,18.419700699378122,27.0,43.199931218653546
-33.924214510360414,18.419702110289442,28.0,44.303174008969904
-33.92420687632084,18.41970588350897,29.0,45.5277335310571
-33.92420094150934,18.419710532844693,30.0,47.2454929832176
-33.92419436720529,18.419715435688946,31.0,46.13311583719136
-33.924187189635816,18.41971916947789,32.0,47.58161868248457
-33.924180007631556,18.419722262139395,33.0,48.4665998746142
-33.92417186360616,18.419725296375624,34.0,49.18584852430556
-33.924164778690994,18.419729138356704,35.0,48.98363275221836
-33.924157519490144,18.41973419423079,36.0,49.42429705584491
-33.92414997269676,18.41974110075366,37.0,47.81260959201389
-33.92414325599056,18.419749033903297,38.0,46.982160976080245
-33.92413653202713,18.419756077979162,39.0,47.21509379822531
-33.92412967277608,18.41976166212909,40.0,47.99974729938272
-33.924121556498775,18.419766494552434,41.0,49.23747438030478
-33.924113152190145,18.419771255004907,42.0,49.97767578125
-33.92410230880615,18.41977826490043,43.0,50.84216001157407
-33.92409118838206,18.419784140611096,44.0,50.21892795138889
-33.92407863591142,18.419787804838364,45.0,51.324054663387344
-33.924065066433734,18.419788969322127,46.0,50.49440930025077
-33.924050774097836,18.419788802376573,47.0,49.279617874710645
-33.92403514357809,18.41978738481666,48.0,46.64919313030478
-33.924019803890644,18.41978801492916,49.0,44.68253888165509
-33.924005557135175,18.419787988138058,50.0,44.95239866657022
-33.92399200787378,18.41978726240259,51.0,45.72205916039738
-33.92397924064592,18.419787185601226,52.0,44.08973132474923
-33.92396598349126,18.419789542600693,53.0,44.38284511236497
-33.9239533263461,18.419793147680693,54.0,43.56046501253858
-33.923942840647264,18.41979994018087,55.0,40.98192105516976
-33.923913180888356,18.419817727940075,56.0,37.95390438126929
-33.92388674224041,18.419833962905074,57.0,36.85495044849537
-33.92386431767586,18.419847838056096,58.0,37.976644181616514
-33.92384524197986,18.41985908587504,59.0,37.843731131848
-33.92383193898683,18.41986776722184,60.0,36.06253176842207
-33.92382366342005,18.419876299604073,61.0,33.09206645447531
-33.92381815663436,18.41988567531518,62.0,31.187700074749227
-33.92381336355678,18.419897302856757,63.0,31.14615794994213
-33.9238093439867,18.41991110583582,64.0,31.308220546392747
-33.92380594087665,18.41992551657219,65.0,30.77576907310957
-33.923803234450006,18.419940534638414,66.0,32.607908408082565
-33.92380075279607,18.419953947381938,67.0,33.29010929060571
-33.92379719951503,18.419967298666364,68.0,31.679484230324075
-33.92379328707806,18.41998169522428,69.0,29.226633994020062
-33.923789305745615,18.419996885469093,70.0,27.65824502073688
-33.92378490962562,18.420011045085356,71.0,27.41679301697531
-33.92378061070189,18.420024697425387,72.0,28.126081814236112
-33.9237757516608,18.420038923549008,73.0,29.74067931375386
-33.923771041315725,18.420053242915753,74.0,31.373092568479937
-33.92376477111571,18.420065431980507,75.0,32.43966983748071
-33.92375705089666,18.420076289525273,76.0,34.25119954427083
-33.923749004128,18.42008700318911,77.0,34.5687149763696
-33.923740673076836,18.420098732113296,78.0,34.348443588445214
-33.92373259756454,18.42011026971135,79.0,32.84902970679013
-33.9237243278853,18.420122543100277,80.0,33.4152555941358
-33.92371210528367,18.420128670557247,81.0,34.967347366898146
-33.92370096369027,18.42013734339381,82.0,38.14103931568287
-33.92369195658389,18.420149215428225,83.0,39.998705632716046
-33.923684787272805,18.42016377478504,84.0,38.47522177613812
-33.92367990581932,18.420181136127344,85.0,38.09031659915124
-33.92367651810335,18.420201075169,86.0,38.291406491126544
-33.923674592805526,18.420222613147676,87.0,38.83530243296682
-33.923671674957234,18.420242289841898,88.0,41.43159975405093
-33.923665895198155,18.420257673125334,89.0,44.52259862075617
-33.923661706519674,18.420274711881998,90.0,45.45836697048611
-33.923657162639316,18.42029175201796,91.0,46.35442732445988
-33.9236485558679,18.420303666156563,92.0,45.25442726417824
-33.92363841861973,18.420312536303022,93.0,42.70196463879244
-33.92362822909276,18.420321870368266,94.0,38.600325038580245
-33.92361716775696,18.420330657979232,95.0,35.858680073302466
-33.92360540547611,18.42033892538466,96.0,34.210936294367286
-33.92358741308592,18.42033979498787,97.0,33.68875385802469
-33.923563388874136,18.42033318899855,98.0,33.921695842978394
-33.923535602542294,18.420321659550698,99.0,34.221498420621145
-33.92350783088699,18.4203099610115,100.0,34.920101453993055
-33.92348419872781,18.420302217184748,101.0,34.47083966290509
-33.92346278887723,18.42029615404647,102.0,30.828838252314814
-33.92344382758747,18.420294495614097,103.0,29.08869857976466
-33.92342740299169,18.42029687175548,104.0,28.694517204378855
-33.923413356600804,18.420301854087217,105.0,30.03541732976466
-33.92340143750089,18.42030933068695,106.0,33.24259379822531
-33.92339155909927,18.420319846500742,107.0,37.46654501832562
-33.9233840098771,18.420332908136423,108.0,39.99318654755015
-33.92337882538053,18.42034868618903,109.0,44.31053777247299
-33.923374888285025,18.420366556738685,110.0,46.69655568817515
-33.92337208560673,18.420385500789674,111.0,50.028291678722994
-33.9233715270608,18.42040467005191,112.0,51.152287507233794
-33.92337207722526,18.42042604581392,113.0,55.632104311342594
-33.92337261237074,18.420448330082973,114.0,52.74256986641589
-33.92337226888616,18.420468271611536,115.0,46.46892511815201
-33.92336938546588,18.42048609387539,116.0,41.46156388647762
-33.92336432801015,18.42050076738746,117.0,41.69172688802083
-33.92335734743536,18.42051383178946,118.0,39.83711437837577
-33.92334838322782,18.420526258881782,119.0,39.08230914834105
-33.92333905908499,18.420539132428516,120.0,39.08204704378858
-33.92332960676263,18.42055274075365,121.0,38.81907540027006
-33.92331965216275,18.420565482771806,122.0,38.4714901017554
-33.923309040807894,18.420577103295305,123.0,38.70841706452546
-33.92329811693672,18.42058792793375,124.0,40.244183364679785
-33.923287115791396,18.420598050720184,125.0,44.13940972222223
-33.92327555440335,18.42060698070546,126.0,46.40232138551312
-33.923263178617376,18.42061477716937,127.0,47.80304729697145
-33.92325120717508,18.4206223441365,128.0,45.40736201533565
-33.92323931689727,18.420629857765263,129.0,42.58897756317516
-33.923227339946024,18.420635803716888,130.0,42.44158932532793
-33.92321515495571,18.420641231237074,131.0,43.44481650270062
-33.92320234994052,18.420645739671833,132.0,43.37395550009645
-33.9231889931161,18.420650045092856,133.0,41.178322422357255
-33.92317326158193,18.42065186753538,134.0,39.33795964747299
-33.923155044552544,18.42065016046897,135.0,37.7779035855517
-33.923135556582984,18.420646455261586,136.0,38.968068757233794
-33.92311592344842,18.420643342708093,137.0,42.16961178626544
-33.92309718030024,18.42064140425344,138.0,42.37300998263889
-33.92307996109104,18.420641744531842,139.0,43.89774028260031
-33.92306324785285,18.42064289695378,140.0,41.95358639564044
-33.92304772959433,18.42064462905457,141.0,41.8985971257716
-33.9230332102343,18.420647512547568,142.0,42.958749698591824
-33.92302076480386,18.42065328846949,143.0,44.59512725453318
-33.923008986900136,18.420660613910535,144.0,44.585841893325615
-33.92299764226385,18.4206689321993,145.0,40.75492892795139
-33.92298652281742,18.42067820386029,146.0,38.47245762201003
-33.922976944180846,18.420689765224825,147.0,35.727941683545524
-33.922967676282475,18.420702009890263,148.0,35.19244845920139
-33.922958493589455,18.420714756095197,149.0,35.65903525270062
-33.92294954978052,18.420728536847665,150.0,37.74222294560185
-33.92294037244276,18.420742983723116,151.0,39.95568630642361
-33.92293238150302,18.420756111897035,152.0,42.51898678626543
-33.9229250472439,18.42077022810258,153.0,46.21063464506173
-33.92291704702713,18.420783668147767,154.0,45.43411584924768
-33.92290933318105,18.42079603674952,155.0,45.74620683834876
-33.92290250418655,18.420807768930786,156.0,46.64889793113426
-33.9228964426079,18.420819932228106,157.0,43.28429235387731
-33.92289131741587,18.420832615177805,158.0,43.25604100356868
-33.92288562553777,18.420845347088065,159.0,43.427073567708334
-33.92287845454907,18.420856658166084,160.0,45.32033263406636
-33.922872030254815,18.420869678289773,161.0,45.89960624035494
-33.92286704959657,18.420885096763616,162.0,48.58544536072531
-33.92286371313668,18.4209035399167,163.0,47.8002961636767
-33.92286082885745,18.420922712925,164.0,49.020626627604166
-33.92285849196007,18.42094240334199,165.0,47.34309714988426
-33.922856883211054,18.42096101892454,166.0,46.8340055941358
-33.92285559119413,18.420978431813488,167.0,47.02784981433256
-33.92285249973026,18.420995166372894,168.0,45.34703275704089
-33.92284838255984,18.421008835148168,169.0,45.72255588107639
-33.922841587794466,18.421021235501087,170.0,44.23372751494985
-33.922833314476186,18.421032668795338,171.0,42.113604178722994
-33.922824342925054,18.421043379585573,172.0,41.575377664448304
-33.92281419572724,18.421053768945,173.0,37.89126085069445
-33.92280407837652,18.421064256400925,174.0,37.13358922887731
-33.922793300658384,18.42107317503434,175.0,37.36621979890046
-33.922781069372505,18.421080096269193,176.0,38.753747649016205
-33.922768146024616,18.421085910252295,177.0,42.69849380304784
-33.92275457106224,18.4210896584686,178.0,48.27026180314429
-33.92273934970857,18.42109082057408,179.0,52.37550503954476
-33.92272433314044,18.421091398367558,180.0,55.91697651427469
-33.9227077396884,18.421092037733462,181.0,56.68107614776235
-33.92269094924119,18.421092273888295,182.0,56.939091133777005
-33.92267374086957,18.421093359574368,183.0,54.91920193142361
-33.92265658877545,18.421095125436935,184.0,50.3244735001929
-33.92263995545029,18.421096960158774,185.0,49.09165557484568
-33.92262459172099,18.421102083358328,186.0,46.141471414448304
-33.92260922974088,18.42110768342087,187.0,44.871025872878086
-33.92259355332588,18.4211131023396,188.0,42.69353792920525
-33.92257931976823,18.42112089873158,189.0,43.92602888695988
-33.92256556697806,18.421128741268944,190.0,46.236072289737656
-33.92255275051269,18.421136530462253,191.0,45.91653736255787
-33.922540898561486,18.421145343703774,192.0,41.31776765046296
-33.922529677770434,18.421155421681608,193.0,39.866900921103394
-33.92251895864472,18.421166972683107,194.0,38.438108603395065
-33.922508559987826,18.421177513431655,195.0,37.18032196421682
-33.9224981111611,18.42118607255624,196.0,36.42709376205633
-33.92248831981137,18.421195861737647,197.0,37.35368827160494
-33.92247949887226,18.42120667974709,198.0,40.535962456597225
-33.92247210524158,18.421219222329754,199.0,42.502118899498456
-33.92246774781739,18.42123564729811,200.0,44.42061933352623
-33.9224649131447,18.421253437239084,201.0,45.01965422453704
-33.92246452975018,18.421273592990822,202.0,44.7290470076196
-33.92246629022395,18.421296332330993,203.0,39.36859953703704
-33.92246827934641,18.421318973924972,204.0,37.54521520543982
-33.92246984037552,18.42134149755604,205.0,36.742870973186726
-33.92246985281474,18.421363838398197,206.0,36.89294047791281
-33.92246780154005,18.421384821717197,207.0,39.21768012152778
-33.92246417629275,18.421403044916822,208.0,41.454982096354165
-33.92245843581371,18.421417851259548,209.0,44.52287645881559
-33.922452317131366,18.421432526731234,210.0,41.27983175395448
-33.922445962038566,18.421447351575214,211.0,39.87408383969908
-33.92243915231303,18.421460505005978,212.0,42.169212721836416
-33.922431729013404,18.421472990028604,213.0,44.74637556664737
-33.92242361370568,18.421485000304433,214.0,48.48740119839892
-33.92241222325814,18.421493940982785,215.0,50.539531069155096
-33.92240083471979,18.421501454777065,216.0,56.68144091194058
-33.922388846173156,18.421508648277,217.0,62.35576431086034
-33.92237739965955,18.421516685243088,218.0,63.01459551022376
-33.92236687544791,18.42152527639029,219.0,61.99190899884259
-33.92235829119594,18.421535145560195,220.0,59.20118429301697
-33.922349430957354,18.421546044657212,221.0,64.74511025511188
-33.922340609577766,18.421558016836027,222.0,67.70762683256173
-33.92233236625786,18.42157029034082,223.0,69.60632468894676
-33.92232415069871,18.42158259019105,224.0,70.65846396363811
-33.92231488895167,18.421594407793656,225.0,72.12472258391203
-33.92230478124579,18.421606268497484,226.0,69.75882902922454
-33.92229308145058,18.421617567768873,227.0,69.08235315393519
-33.922280531225525,18.42162772914185,228.0,67.46317201967592
-33.92226648340588,18.421636534182813,229.0,66.08280418113426
-33.922251643818946,18.421645417782397,230.0,67.76269597559799
-33.92223606699726,18.421653857594293,231.0,65.87142101900078
-33.92222042295272,18.421662594477596,232.0,67.8243446783372
-33.92220508990452,18.421671646549612,233.0,68.23334080825617
-33.92219051676954,18.421680617027828,234.0,67.30441617235725
-33.9221755237126,18.42168848231199,235.0,66.52367205584491
-33.92216122220601,18.421696872707653,236.0,66.83498227719907
-33.922148736956835,18.42170381821164,237.0,68.6760912181713
-33.9221364339135,18.421708134895162,238.0,66.47808858989198
-33.92212306138189,18.421712369098383,239.0,65.92199664834105
-33.9221105598046,18.421716512636976,240.0,65.76390908323688
-33.92209772206616,18.4217193705265,241.0,68.69233862606096
-33.922085106249,18.42172288814221,242.0,64.39670952690972
-33.92207278982209,18.421727301215014,243.0,58.452104431905866
-33.92205980010993,18.42173141659304,244.0,55.07179006317516
-33.92204741797571,18.421734923521413,245.0,52.7380793668017
-33.922035222245,18.421739657813433,246.0,49.8036807966821
-33.92202374930533,18.421744998179527,247.0,50.20057122878087
-33.922013519322576,18.421751801415617,248.0,50.0665510464892
-33.922004067263565,18.421759544816997,249.0,49.42467683015046
-33.92199471298242,18.421768127091205,250.0,48.52582736545139
-33.9219857975063,18.42177672785137,251.0,46.37949749228395
-33.921975902059366,18.421786370590056,252.0,46.57864908854167
-33.92196635318905,18.421797052932718,253.0,47.69517692660108
-33.92195578331314,18.421806872182636,254.0,45.27107397762346
-33.921945883048195,18.42181734082725,255.0,42.79565658757716
-33.921936932096486,18.42182832231565,256.0,43.61443311149692
-33.92192903089652,18.421840452836108,257.0,42.81584870515047
-33.92192161843423,18.421851929732508,258.0,43.91625964506173
-33.921913552662254,18.421863711335394,259.0,43.7886361882716
-33.92190664168363,18.42187700663525,260.0,43.814538544077934
-33.92190038910403,18.421891067932272,261.0,44.96383650414737
-33.92189639556505,18.421908559956627,262.0,45.37108808352623
-33.921894157181185,18.42192789035558,263.0,52.54467387635031
-33.92189258567164,18.42194818891432,264.0,45.67132306134259
-33.92189124307449,18.421967612587125,265.0,42.19163116078318
-33.921891210112435,18.421985834142532,266.0,40.11650890962577
-33.92189155797502,18.422002962281372,267.0,37.307331271701386
-33.921890588854374,18.42202071102257,268.0,36.67921615788966
-33.9218889617581,18.42203677667035,269.0,36.86603527681327
-33.92188603658786,18.422047987675537,270.0,37.26953167197145
-33.921880711699416,18.422056976281702,271.0,39.22245147328318
-33.92187335239463,18.422065316991112,272.0,39.77338366849923
-33.92186284996352,18.422072063625524,273.0,39.46170289592978
-33.921850863865906,18.422077706236408,274.0,42.00258210358796
-33.92183762351254,18.422083183798943,275.0,44.76941315827546
-33.92182360032663,18.42208775448204,276.0,45.35190411603009
-33.92180876439534,18.42209386093477,277.0,46.859903247974536
-33.921793682917695,18.422099767877377,278.0,50.505953896604936
-33.921779408732775,18.42210620364526,279.0,52.16040304301698
-33.9217668745626,18.422115152079844,280.0,53.36788706838349
-33.921754558486526,18.422124837768873,281.0,52.58784294222608
-33.92174315175046,18.422134813219373,282.0,50.93901089891976
-33.921732805784096,18.42214664397147,283.0,51.49829776716821
-33.92172315487048,18.42215847920302,284.0,53.42919228636188
-33.92171428088727,18.422170597864287,285.0,54.62068045910494
-33.92170580719563,18.422182478333625,286.0,53.5737281177662
-33.921698167397444,18.422196607365922,287.0,56.08246895495756
-33.921690311650146,18.42220941396539,288.0,52.70735381703318
-33.921682316343336,18.422221581439846,289.0,51.14185305748457
-33.92167494913642,18.42223429126013,290.0,47.39084563078704
-33.92166671640007,18.422246834357686,291.0,44.19543728298611
-33.92165778279194,18.422258540477383,292.0,41.15755563994985
-33.92164923640843,18.422268227173674,293.0,36.351495346257714
-33.92164110458273,18.422279059566332,294.0,34.034922658661266
-33.92163277072387,18.422288426586757,295.0,33.12921055169753
-33.92162406197593,18.42229769798368,296.0,32.06221016589506
-33.921614405147956,18.422307451381897,297.0,32.38447729793596
-33.92160407925403,18.422316863571297,298.0,33.3642147111304
-33.92159364827889,18.42232765385509,299.0,34.89161687403549
-33.921583184046796,18.42233976640622,300.0,36.20658275462963
-33.921572966207634,18.422352297228002,301.0,38.889886730806325
-33.92156215113332,18.422363749660015,302.0,41.76698905285494
-33.92155127634203,18.422374869218196,303.0,40.74404284818673
-33.921542110460294,18.42238552163128,304.0,39.45868501639661
-33.92153624559044,18.422393248236702,305.0,40.20836431809413
-33.92153191026001,18.422399462013786,306.0,44.71377326871142
-33.921529810927844,18.422404590377422,307.0,42.31409860869984
-33.92152902323197,18.42240839524326,308.0,45.16962474681713
-33.92152782540777,18.42241326622755,309.0,48.58701376832562
-33.92152507527627,18.42242022209991,310.0,48.12615053530092
-33.921519000772605,18.4224284389584,311.0,50.68251241801698
-33.92151110796788,18.42243656888452,312.0,51.185480625482256
-33.921502956994715,18.422444495396988,313.0,52.08504846643518
-33.921493328119546,18.42245333949339,314.0,49.71102376302083
-33.92148322677611,18.422462878357226,315.0,46.93217863859954
-33.92147340273941,18.422473619131946,316.0,43.609213505497685
-33.921462923189466,18.422486049457223,317.0,42.90753309461805
-33.92145279435508,18.422499697489954,318.0,42.35177197868441
-33.92144277005228,18.422514357562964,319.0,44.24826865113812
-33.92143249943154,18.42252872941362,320.0,43.163098536361886
-33.92142240735994,18.422543603175054,321.0,42.70128827883873
-33.92141275614312,18.422558491518927,322.0,42.80584448543596
-33.921402987107086,18.42257299609281,323.0,41.6955158902392
-33.92139283455602,18.42258661352836,324.0,40.977985869984565
-33.92138265669577,18.422599517081004,325.0,41.973641975308645
-33.921372912147035,18.422612533659265,326.0,41.98998107156636
-33.92136360950965,18.42262569550913,327.0,40.71765203028549
-33.92135418595007,18.422638869046388,328.0,40.36943154417438
-33.92134366328918,18.422650480954633,329.0,40.696092363522375
-33.92133287611898,18.422661241970317,330.0,40.08458236882717
-33.92132145512811,18.42267015172234,331.0,43.09601086275077
-33.921309986558164,18.42267897356164,332.0,41.83957344714506
-33.921299882287705,18.422688842222204,333.0,41.4140843822338
-33.921290564798575,18.422698210189054,334.0,38.83916063850309
-33.921281130038025,18.422706814877216,335.0,36.85451183931327
-33.92127101771716,18.422716279192073,336.0,36.54893753616898
-33.92126121662896,18.422725996928865,337.0,37.49669102044753
-33.92125161679226,18.42273606863233,338.0,36.31992434654707
-33.921242195372336,18.422746371926642,339.0,34.9279729697145
-33.92123187888185,18.422755058306542,340.0,34.528439971547066
-33.92122131847568,18.42276287120467,341.0,37.151230951003086
-33.92121083486502,18.422771736446904,342.0,39.30867205584491
-33.92120071369326,18.4227791040847,343.0,43.4241763117284
-33.921190656641414,18.422785630531877,344.0,44.7951318359375
-33.921180218151164,18.42279058437795,345.0,46.08261121961806
-33.92116783772854,18.42279406019663,346.0,44.897559618537805
-33.92115544761899,18.422798208635964,347.0,41.91724109037423
-33.92114245935086,18.422802944978862,348.0,40.31171362606096
-33.921129354190214,18.42280770735675,349.0,43.71752248505016
-33.92111684373831,18.422814230917524,350.0,40.52815809461806
-33.92110469534583,18.42282203090699,351.0,35.068278416763114
-33.92109414141089,18.42283213317404,352.0,32.422224995177466
-33.92108355869141,18.422842898720212,353.0,29.77488468123071
-33.92107368816405,18.422854730544078,354.0,27.987969654224536
-33.92106427376273,18.422867466921268,355.0,27.549411108699847
-33.92105503032853,18.42288063240501,356.0,29.997766746238423
-33.921045427460655,18.422891701853697,357.0,36.63073875144676
-33.921034979738664,18.422902759706275,358.0,37.76172526041667
-33.921025088861946,18.422915207152148,359.0,37.074161783854166
-33.92101516039048,18.422927451660286,360.0,37.58224169319059
-33.92100516830851,18.42293895749068,361.0,37.046424877025466
-33.92099512286977,18.42295022253821,362.0,37.23384651089892
-33.920985368146184,18.42296153854831,363.0,39.66321017795139
-33.92097536424723,18.422972808497743,364.0,40.62452178578318
-33.92096560486956,18.422984420349323,365.0,39.902267312885805
-33.92095661450584,18.422996865264356,366.0,36.4834007884838
-33.92094802447178,18.42300920700294,367.0,35.99935806086034
-33.920939593637854,18.423021512095136,368.0,38.47935474537037
-33.92093167668589,18.423034425135807,369.0,40.94959424430942
-33.92092384873193,18.423047462448757,370.0,41.10358838493441
-33.92091604094165,18.423060885988168,371.0,40.60048773871528
-33.92090807854738,18.423074467890455,372.0,40.24358940972222
-33.92090010413955,18.42308795900519,373.0,34.45327769338349
-33.92089256991292,18.423101638814458,374.0,34.52590157214506
-33.92088463433752,18.42311412584623,375.0,34.28146532600309
-33.920876657655796,18.42312634396554,376.0,32.87991452064043
-33.9208676534113,18.423137447712087,377.0,30.92101954330633
-33.92085874192316,18.42314826505645,378.0,30.296238787615746
-33.92084957534348,18.42315855571952,379.0,32.07243983892747
-33.92083987797378,18.423167632582512,380.0,31.02663640528549
-33.920830329276875,18.42317576632813,381.0,32.098027102623455
-33.920820921190284,18.423184396914365,382.0,33.168399522569445
-33.92081122595583,18.423192713381084,383.0,35.35413158275463
-33.92080152271369,18.423200158552078,384.0,37.21347282503858
-33.92079189766901,18.423207316582086,385.0,40.004003665123456
-33.92078167805775,18.423214374915826,386.0,43.54343111014661
-33.92077169765457,18.423221176097194,387.0,46.958028428819446
-33.920761759280126,18.42322817954194,388.0,45.00767204378858
-33.92075128123613,18.423235586706358,389.0,45.72498390480324
-33.92074040212905,18.42324301585599,390.0,48.59481475453318
-33.9207294165085,18.423250235285526,391.0,47.34222384982639
-33.92071796178667,18.423257212181593,392.0,44.40003912278164
-33.9207062912067,18.423264432880238,393.0,43.47437861689815
-33.92069465119347,18.423271928066924,394.0,42.48271285445602
-33.92068460988739,18.423282156864065,395.0,40.63460250289352
-33.92067759374627,18.423295895974142,396.0,41.0284928988233
-33.920671790993566,18.423310574259013,397.0,41.83479166666667
-33.92066519885262,18.42332492287452,398.0,41.618490849247685
-33.92065807533252,18.423338833042177,399.0,40.33778278115355
-33.92065032565708,18.423351938883297,400.0,39.23529453607253
-33.92064223266018,18.42336434833413,401.0,37.90213149836034
-33.92063360916617,18.423376065352247,402.0,34.42900679976852
-33.92062350157415,18.423386568986825,403.0,31.77238896122685
-33.92061216294458,18.42339598819276,404.0,31.53717544367284
-33.920600026002475,18.423404142150392,405.0,32.44666726948302
-33.92058720448735,18.423411820792406,406.0,28.7564835310571
-33.9205741167504,18.423419426047044,407.0,29.47706615306713
-33.920562041172595,18.423425850245067,408.0,30.98695746527778
-33.92055032210328,18.42343255597621,409.0,33.1533561800733
-33.92053851314572,18.423438405362756,410.0,33.81438922646605
-33.9205262404504,18.423442152255607,411.0,35.75139533902392
-33.92051388578042,18.4234477956648,412.0,36.509039894386575
-33.920501387202094,18.423453397817617,413.0,33.097943974247684
-33.92048904906761,18.42345952297304,414.0,31.81397979359568
-33.92047699542595,18.423466827644848,415.0,31.843264069733795
-33.92046543227382,18.423475635242312,416.0,30.38290665991512
-33.92045393631178,18.423485488432373,417.0,26.530138527199075
-33.92044323358384,18.42349578832075,418.0,24.952339952256946
-33.920432937152434,18.42350530908051,419.0,26.15967459972994
-33.920422290502955,18.423516298443655,420.0,29.425281093267746
-33.92041352674191,18.423527658775622,421.0,33.530353069540894
-33.92040305439426,18.423537319021396,422.0,35.23380684558256
-33.92039360534201,18.423548644887735,423.0,36.14878755545911
-33.92038558010072,18.42356248340998,424.0,38.67712185329861
-33.920380788551114,18.423579408108665,425.0,37.73377628279321
-33.920377891202286,18.42359815282307,426.0,39.8228360701196
-33.920377385147006,18.423616669877337,427.0,40.80336654851466
-33.92037815309241,18.423634589830154,428.0,42.31283492476852
-33.92037805931693,18.423652440095655,429.0,42.97553584346065
-33.92037712213606,18.423669230041757,430.0,43.14262381847994
-33.920374777294924,18.42368402859345,431.0,43.257871756848
-33.92037012741995,18.423697586334853,432.0,42.85496057581018
-33.92036410092613,18.423710798688784,433.0,42.921333068094135
-33.92035754657883,18.42372454123306,434.0,42.41817364728009
-33.92035041656298,18.423737940148275,435.0,42.77326009114584
-33.920342271444696,18.42375053512853,436.0,39.188313681520064
-33.920333148628785,18.423762476855867,437.0,38.06187765239198
-33.920323172302815,18.42377341220281,438.0,36.75307954764661
-33.92031218171487,18.423784334970765,439.0,36.278935727719904
-33.920302072088596,18.423796532728453,440.0,37.2651609519676
-33.920292085764935,18.42380941864321,441.0,37.26105836467978
-33.920283031231456,18.423823065515425,442.0,35.12817220052084
-33.9202735828891,18.42383680011001,443.0,35.06584020543981
-33.92026469190043,18.42385115500727,444.0,35.11237431278935
-33.92025555211583,18.423865109455715,445.0,36.15102876639661
-33.92024665463923,18.423878304899713,446.0,36.563458538290895
-33.92023716132042,18.423889944554066,447.0,39.57223831741898
-33.92022771391672,18.423901350849633,448.0,43.73431731047454
-33.920218697560735,18.423912334930595,449.0,44.61920126832562
-33.92020912583688,18.423924191833045,450.0,43.61538242669753
-33.920199431369156,18.423936354390804,451.0,42.2668130304784
-33.92018938260781,18.42394762999563,452.0,40.98892047646605
-33.92017878465946,18.423958380978675,453.0,42.383766456886576
-33.92016794340976,18.42396880927038,454.0,42.83714216820988
-33.9201576744068,18.42397868801519,455.0,43.38769736207562
-33.92014791037865,18.42398809004662,456.0,41.60506052276234
-33.92013901569661,18.423997997646822,457.0,41.79364517023534
-33.92013080960178,18.4240082673956,458.0,42.62236864631559
-33.920122549898416,18.424018928669437,459.0,43.6849494839892
-33.9201134823671,18.424030009662737,460.0,45.6358528043017
-33.9201039573846,18.424040134993863,461.0,45.45667365933642
-33.92009453820963,18.424050033230337,462.0,45.143910469714505
-33.92008527156227,18.42406063197059,463.0,42.70424346547068
-33.92007546270351,18.42407080520197,464.0,40.37873993296682
-33.92006539063545,18.424081569171925,465.0,40.49442497347608
-33.9200555646956,18.42409295212809,466.0,39.59447211371528
-33.92004527796342,18.424103557503887,467.0,39.402675660686725
-33.92003649642482,18.42411310301162,468.0,36.68140341676312
-33.92002714391666,18.42412378691431,469.0,35.50952504099151
-33.920018117621936,18.42413465045499,470.0,36.32512062355324
-33.92000693800139,18.424141701944293,471.0,37.84798629195602
-33.9199954437848,18.424148083466413,472.0,39.13353847173997
-33.919983492393435,18.424154817936344,473.0,39.41201226128472
-33.91997129528004,18.42416027671301,474.0,37.06590838396991
-33.91995933866949,18.424165618963396,475.0,39.96868495611497
-33.91994755092683,18.424169034411026,476.0,43.026826171875
-33.91993505036748,18.424169838909005,477.0,44.23020634403935
-33.91992226104282,18.424167974291954,478.0,46.255756293402776
-33.91990813531152,18.42416468052721,479.0,43.91240125868055
-33.91989439058933,18.42416106329347,480.0,44.798821313175154
-33.91988049165658,18.424155181151736,481.0,44.89631329571759
-33.91986641054182,18.424147826039313,482.0,43.80181954089506
-33.91985121390153,18.424139904745147,483.0,44.181441816165126
-33.919836139504156,18.42413180893485,484.0,43.71418426890432
-33.91982147582399,18.424123190248494,485.0,40.188369622878085
-33.919807412089376,18.424114472342836,486.0,35.84189531491126
-33.91979392570808,18.42410520825698,487.0,33.66765631028164
-33.91978082901072,18.424095826347145,488.0,31.898305422935955
-33.91976804221249,18.42408695619258,489.0,32.10188591097608
-33.91975525683796,18.42407831574726,490.0,32.56579011140046
-33.91974266919641,18.4240705016181,491.0,32.09176884403935
-33.91973008354594,18.424064201423775,492.0,31.155800118152005
-33.9197174548365,18.424059212763318,493.0,30.792192021122684
-33.919704783131834,18.42405532317507,494.0,30.070097294560185
-33.919692422326484,18.42405236538233,495.0,29.68422218605324
-33.91968040840895,18.424049648076664,496.0,30.95518120659722
-33.919668800486136,18.42404723266763,497.0,35.59656117380401
-33.91965688326682,18.42404615967385,498.0,37.46702962239584
-33.91964479223308,18.42404532135052,499.0,39.82721004533179
-33.91963293526269,18.42404346247641,500.0,44.13141034915123
-33.919620757599965,18.424040856919103,501.0,51.34805959442515
-33.91960860025414,18.424039716005876,502.0,52.29414472415124
-33.919596154097654,18.424039886038543,503.0,54.19944763937114
-33.91958306599085,18.424040835824062,504.0,52.24594925491898
-33.91956926447615,18.42404372995537,505.0,48.91302258150077
-33.9195554498012,18.424048935187272,506.0,45.32511013454861
-33.91954172039104,18.424056277830047,507.0,41.55912049093365
-33.91952830177989,18.424065199184106,508.0,39.2309521484375
-33.91951487394861,18.42407520752636,509.0,38.14574447820216
-33.91950123195524,18.424085367075914,510.0,37.56582977671682
-33.91948800495765,18.424096763282378,511.0,38.20598361545139
-33.91947522202146,18.42410909553514,512.0,40.9711514998071
-33.919462772008835,18.424121649226308,513.0,45.14635374469522
-33.91945061076064,18.424134724310242,514.0,52.2670344449267
-33.91943852910946,18.424148095132324,515.0,55.75148805217978
-33.91942707894094,18.424161468386387,516.0,64.52844949604552
-33.91941585348815,18.42417429203744,517.0,69.74938771942516
-33.91940412664778,18.424185581390837,518.0,68.95373107156635
-33.919392482062264,18.424196102783842,519.0,65.7390446566358
-33.91938218266515,18.424208314451477,520.0,62.00250144675926
-33.919373771392095,18.42422256175065,521.0,56.55680682146991
-33.919367348398985,18.424238305594077,522.0,50.3730844304591
-33.91936226359518,18.424254631185175,523.0,46.42523365162037
-33.91935776795561,18.424270804215364,524.0,43.67799509307485
-33.91935362152653,18.424287036345444,525.0,41.89627284673997
-33.91935058417541,18.42430376531032,526.0,42.57540135513117
-33.9193475261499,18.424320246443045,527.0,47.58126591435185
-33.91934391520172,18.42433628518568,528.0,45.78973910108024
-33.91933968722708,18.42435171363119,529.0,46.34683201919367
-33.91933453121604,18.424366330892774,530.0,46.144600935570985
-33.91932856078034,18.424380477535006,531.0,42.4848957730517
-33.919322028823835,18.42439403585128,532.0,43.15752326871142
-33.91931442557987,18.424406459183302,533.0,37.69748095100309
-33.91930614270099,18.424417736642297,534.0,36.94997106481482
-33.919297565483824,18.42442785297451,535.0,39.68517367139275
-33.919287630569215,18.424437191912343,536.0,43.131610363618826
-33.9192771270167,18.4244448703665,537.0,46.34852737991898
-33.919266980038664,18.42445238187824,538.0,49.38380684558256
-33.91925771515624,18.4244602292036,539.0,48.64649293499228
-33.91924834335483,18.42446839480944,540.0,41.40127598138504
-33.9192391274167,18.424476468678897,541.0,40.91145857445988
-33.91922956884047,18.424485577388324,542.0,36.53857210889274
-33.91922047607631,18.424495080128857,543.0,33.38689013069059
-33.919210983861824,18.42450547158504,544.0,27.786591013213734
-33.91920075833988,18.424515687308272,545.0,24.92414924527392
-33.91918969813039,18.424524712901075,546.0,23.800615354938277
-33.91917800022604,18.424532736997268,547.0,23.472951449170523
-33.919165598846206,18.424540013086283,548.0,22.92569438416281
-33.91915282255459,18.424547158392595,549.0,25.110239137249227
-33.91913957174681,18.424553406752505,550.0,28.27047737027392
-33.9191254469488,18.424559328959106,551.0,24.84997649016204
-33.919111280832496,18.424566093591785,552.0,21.29321011766975
-33.919094581509874,18.42457428431377,553.0,21.053316454475308
-33.919078213076425,18.42458271826991,554.0,22.96828733844521
-33.91906114040817,18.42459318125741,555.0,24.02833610628858
-33.91904434038638,18.42460333580768,556.0,26.91134452160494
-33.91902655813477,18.4246136665114,557.0,28.63069052613812
-33.919007241186605,18.424622448287955,558.0,28.779977334104935
-33.918987068940545,18.424629980948954,559.0,28.601710190007715
-33.91896621902612,18.424637170502443,560.0,27.081989655671297
-33.918945321712556,18.42464394678513,561.0,24.773608277874228
-33.91892516978793,18.424651268630704,562.0,24.627996660397372
-33.91890558851264,18.424658849363322,563.0,25.153572832272378
-33.91888770690392,18.42466745896737,564.0,26.59110906153549
-33.91887127237143,18.424676841714057,565.0,26.063669162326388
-33.91885650156337,18.424687152312035,566.0,28.10788122106481
-33.918842268267305,18.42469673352378,567.0,27.23539158950617
-33.9188306266785,18.424706659279238,568.0,26.43231608072917
-33.91881988091601,18.42471813416118,569.0,25.34589096257716
-33.91880850336746,18.424729797158555,570.0,27.12426040461034
-33.9187971268534,18.424741684426653,571.0,27.73927493248457
-33.918787117588295,18.424753436254743,572.0,27.35957778742284
-33.91877991385276,18.424764375226356,573.0,28.101890854070216
-33.9187757220969,18.424771697753282,574.0,29.346646291473764
-33.918773096775055,18.42477621431173,575.0,28.710914171006944
-33.91877154332728,18.424780275089784,576.0,28.58127797067901
-33.91877106102148,18.424788275790927,577.0,29.27299406828704
-33.91876941591546,18.424794746527308,578.0,29.728525631751545
-33.918766232015585,18.42480256481585,579.0,28.39737292631173
-33.91876053154205,18.42481059595107,580.0,27.90996075665509
-33.91875307961061,18.424818301512964,581.0,26.566448266300156
-33.918746438723886,18.424829083897635,582.0,25.406895375192903
-33.918736242195344,18.42483896001131,583.0,24.67410843460648
-33.91872361094575,18.424846389117185,584.0,24.961248372395836
-33.91871017456581,18.424853541699285,585.0,25.34262333622685
-33.9186968429134,18.424861741185044,586.0,26.81186879099151
-33.918684212164564,18.424868867907218,587.0,25.598221149209103
-33.91867007234515,18.424874074704217,588.0,25.086098271122687
-33.91865667314963,18.42487820142268,589.0,23.639313452449844
-33.91864304548136,18.424881165382384,590.0,22.719442455150464
-33.91863083496287,18.424883082243078,591.0,21.44183533468364
-33.91861995832842,18.424883972398256,592.0,19.27244773582176
-33.918608018214925,18.424883477781997,593.0,18.159429796006943
-33.91859518779423,18.424882327940903,594.0,18.182312403549385
-33.91858201711787,18.424881201503016,595.0,18.638756389853395
-33.91856798295205,18.4248815622821,596.0,19.064663146219136
-33.91855422122189,18.424881747402456,597.0,20.36327142409337
-33.918538995909316,18.424881246070438,598.0,21.38044005594136
-33.918523660937375,18.424879677811578,599.0,24.704251724054785
-33.918509932288416,18.424877559580032,600.0,25.27303035783179
-33.91849620383847,18.424874649478966,601.0,28.155980119116517
-33.918484168198574,18.424871556732707,602.0,31.84401662567516
-33.91847348236274,18.42486658585102,603.0,35.35070384837963
-33.91846349411107,18.424860608712454,604.0,34.26934437692901
-33.918454395840584,18.424854199137393,605.0,33.36273196373457
-33.91844506573003,18.424846243722044,606.0,30.90959171248071
-33.91843535662402,18.42483576287607,607.0,28.229394169560184
-33.918426406222274,18.4248221179632,608.0,27.684648919753087
-33.91841940429409,18.424806607913897,609.0,29.656156020929785
-33.91841269826309,18.424789714159918,610.0,26.275365668402777
-33.918406761519826,18.424772747081246,611.0,24.205034059124227
-33.918403948777815,18.424753032009306,612.0,21.16278772424769
-33.9184012146286,18.42473341055559,613.0,19.3325373746142
-33.918397885582436,18.424714510462472,614.0,18.499248046875
-33.91839334941451,18.424696496295365,615.0,18.40003086419753
-33.91838849000535,18.42467859705988,616.0,18.519831331983024
-33.918385089878704,18.424661381342343,617.0,19.24277886284722
-33.91838153903139,18.424645206849465,618.0,19.400905972704475
-33.918377240647374,18.42462966879798,619.0,21.231364414544757
-33.918372899122524,18.424612644285755,620.0,20.780177830825615
-33.91836555239414,18.424597422103773,621.0,20.628606891396604
-33.91835583946573,18.42458450561738,622.0,19.973808232060183
-33.91834540551485,18.424572524673742,623.0,20.12574942129629
-33.91833523320473,18.424559232829104,624.0,20.11021098572531
-33.91832486046633,18.424546175655685,625.0,20.90786205150463
-33.918313722594085,18.424533035827626,626.0,21.00711968315972
-33.918301860475154,18.424520717088573,627.0,21.472195155767743
-33.91828972052271,18.424508925244773,628.0,23.07998233748071
-33.91827825918582,18.424498081422094,629.0,25.77989082995756
-33.918266471075306,18.424487950456687,630.0,28.751916473765437
-33.9182541221174,18.424479301880663,631.0,32.464335756655096
-33.91824160715231,18.424470815601673,632.0,35.96330916039738
-33.91822772575857,18.424465594827108,633.0,38.9853002025463
-33.91821384982115,18.424460222837727,634.0,38.21495900848765
-33.918200327848986,18.42445454526212,635.0,39.41038923852238
-33.918186911664755,18.424448638896557,636.0,39.1340608121142
-33.918175174053935,18.424440778298173,637.0,39.697962058738426
-33.91816526283817,18.424431745070354,638.0,38.73517391251929
-33.91815742095893,18.424419673411098,639.0,38.98819607204861
-33.918148052362454,18.424408415920816,640.0,40.30713372878086
-33.9181379404616,18.424396089917792,641.0,42.93673098717207
-33.918130141451606,18.424385496647666,642.0,42.25330903983411
-33.918123065865224,18.42437545276645,643.0,46.64932984905479
-33.91811367397307,18.424366145958697,644.0,49.08865270543981
-33.91810232869512,18.424358328843283,645.0,56.10204041280864
-33.9180901189394,18.42435139774048,646.0,58.15716441213349
-33.91807850729456,18.424343691440683,647.0,66.85130720727237
-33.91806428471103,18.424336533383226,648.0,70.03705349392361
-33.91804793081939,18.424331808882222,649.0,74.26219545717592
-33.918030043911116,18.424328864731375,650.0,79.50769416714893
-33.918010273144574,18.424327481614675,651.0,77.37614932966821
-33.917990507434574,18.424326431682367,652.0,75.90377007378473
-33.917971742389234,18.424325304125617,653.0,76.89407112027392
-33.91795408617227,18.42432363208512,654.0,56.66953565055941
-33.91793667695772,18.4243214612367,655.0,39.95770417390046
-33.91792064113808,18.4243183361567,656.0,35.448436414930555
-33.91790543039531,18.424313384444403,657.0,35.062220715181326
-33.9178913597728,18.424306639721493,658.0,39.24632902922454
-33.917878310490075,18.424298760157406,659.0,40.54057707609954
-33.91786596946502,18.424289672404576,660.0,40.29152970679012
-33.917854157427726,18.424277906115858,661.0,41.70276144145448
-33.91784223327552,18.42426475043056,662.0,41.64138002748842
-33.91783086721163,18.42425077302285,663.0,44.70062807436343
-33.91781858195429,18.42423843254924,664.0,48.60512616946374
-33.917806108061285,18.424227643387184,665.0,51.14617482880016
-33.91779532892349,18.424214836494624,666.0,50.39609356915509
-33.91778500054941,18.424202163759517,667.0,55.18244249131944
-33.91777510113676,18.42419035089968,668.0,54.23424449025849
-33.91776558633039,18.424179202581886,669.0,51.71719015239198
-33.91775625158428,18.424169116172624,670.0,45.723661446277006
-33.91774837145801,18.424158282945193,671.0,46.59062005690586
-33.91774147017487,18.4241466299285,672.0,48.33303753134645
-33.917733559358496,18.424136745362503,673.0,46.40139829282408
-33.91772542595899,18.424126855721738,674.0,43.94044885706018
-33.91771713536665,18.42411491101104,675.0,45.17343659577546
-33.917710180206385,18.424103383223727,676.0,46.170326244212966
-33.91770340064394,18.42409079821329,677.0,48.46903157552083
-33.91769865576747,18.42407792888955,678.0,51.73837830343364
-33.91769144417459,18.424064062351505,679.0,53.59512858072917
-33.917684206837784,18.424049360029695,680.0,55.54493555893133
-33.91767872483822,18.42403338775317,681.0,56.66490366994599
-33.917673735771956,18.424015817577654,682.0,51.52337498794368
-33.917669152481565,18.423998677171216,683.0,40.22307930652006
-33.91766388845024,18.423980906245944,684.0,39.58649154851466
-33.91765834446144,18.423965134256026,685.0,40.91437270929784
-33.91765204011714,18.423949803217166,686.0,44.64938518759645
-33.917643836465025,18.42393235673039,687.0,48.996785903742285
-33.91763555146892,18.423917150203714,688.0,51.89696873794367
-33.9176265752241,18.423903626791155,689.0,51.07321216724537
-33.917616910250544,18.423890923516126,690.0,51.13670940634645
-33.91760677938412,18.42387880878046,691.0,50.20979347511574
-33.91759562463695,18.4238676323565,692.0,48.26048062548225
-33.9175846692439,18.423856099829326,693.0,45.963826798804014
-33.917573253560754,18.423844646867096,694.0,44.41630129967207
-33.91756100396226,18.423834080566284,695.0,42.6124477961034
-33.91754810222782,18.4238245580947,696.0,42.763201075424384
-33.91753564456585,18.423815174189237,697.0,42.20795114776234
-33.91752326014966,18.42380604320607,698.0,43.38475742669753
-33.917509634373296,18.423797887822445,699.0,46.35421489197531
-33.91749738425444,18.4237883677216,700.0,44.58959972993827
-33.91748644991905,18.423777737384185,701.0,43.19828938802083
-33.91747715609057,18.423766598734822,702.0,45.012789412133486
-33.91746918932504,18.423754227704737,703.0,45.11430242091049
-33.91746083023595,18.423740614662748,704.0,43.26622275270061
-33.91745349858254,18.42372649141186,705.0,43.85265088493441
-33.91744765808293,18.423713519582048,706.0,41.62003568672839
-33.91743958915301,18.423699414480733,707.0,40.17286331741898
-33.91743084838234,18.423686081796617,708.0,41.05900010850694
-33.91741866619705,18.423672756723196,709.0,40.88380630304784
-33.91740639592631,18.423660795364473,710.0,39.61383246527778
-33.91739579964229,18.423651338722788,711.0,39.68074429735725
-33.91739152217947,18.42364601625287,712.0,39.15961094232253
-33.9173881282195,18.42364510391325,713.0,39.47375506365741
-33.91738451641581,18.4236463606851,714.0,39.67634229118441
-33.91738178598271,18.423645302760875,715.0,39.795600947627314
-33.91738002817176,18.423643591918314,716.0,40.52944058641975
-33.91737828787262,18.42364195050932,717.0,39.116148847415126
-33.91737649067211,18.4236411565813,718.0,38.4903660300926
-33.917371092810605,18.423642644228853,719.0,40.34959104938272
-33.91736264303845,18.423648495095655,720.0,44.99598078221451
-33.91735255921385,18.423657420147958,721.0,45.78982391734182
-33.91734017292181,18.423667689442485,722.0,51.19366440007716
-33.917326495901335,18.423680090039895,723.0,46.9009001253858
-33.91731451404347,18.423695253446784,724.0,43.47068268952546
-33.917302873379874,18.42371079775036,725.0,41.91429560908565
-33.91728999710608,18.423726920993783,726.0,41.05351996527778
-33.91727693260714,18.423742592917183,727.0,40.01290298273534
-33.91726408640334,18.42375914478723,728.0,39.89171416859568
-33.91725220238861,18.423775851269966,729.0,39.7507290461034
-33.917240146648716,18.423792497897388,730.0,40.59114318094136
-33.91722758111082,18.423808743312104,731.0,42.75186300395448
-33.917215859711504,18.42382546876336,732.0,42.65314959490741
-33.91720452875399,18.42384207653003,733.0,41.53055724344136
-33.91719292673121,18.423857989159554,734.0,42.63734923562886
-33.91718275501983,18.42387462555358,735.0,42.22040189766589
-33.91717345877233,18.42389093779408,736.0,40.963502965856485
-33.917164613071414,18.42390705972714,737.0,38.45423369984568
-33.91715742335831,18.423924492868043,738.0,37.9361205150463
-33.91715169387407,18.42394269248808,739.0,36.67595275125386
-33.91714686480394,18.42396126554283,740.0,35.312376482928244
-33.91714259509011,18.423980034256136,741.0,34.31719720534336
-33.91713868808311,18.423998791186655,742.0,35.007892554012344
-33.91713522160034,18.424017573651078,743.0,35.8828987027392
-33.91713217499563,18.4240366462889,744.0,37.10581416377315
-33.91712937311035,18.42405558615531,745.0,36.5585213517554
-33.91712712024451,18.424074632231275,746.0,38.934130979938274
-33.91712503075877,18.42409365509549,747.0,41.50703788097994
-33.91712330570123,18.424112465660773,748.0,41.67532232590664
-33.91712095657288,18.424130913633487,749.0,44.86853527681327
-33.9171181155343,18.424148887997028,750.0,48.29266324266976
-33.917114789464215,18.42416663137436,751.0,51.15128225067515
-33.91711052710426,18.42418355297123,752.0,55.863241946373456
-33.917105714295815,18.424199909971463,753.0,51.456549780574846
-33.917100709387334,18.424215824770172,754.0,47.88895224488812
-33.917095964564275,18.424231784418094,755.0,45.7266918041088
-33.91709214294725,18.424248127441277,756.0,45.53543294270833
-33.9170886300722,18.42426431225155,757.0,41.712461902006176
-33.91708390095638,18.424279060603162,758.0,42.115752977912805
-33.91707646748589,18.424290704055423,759.0,39.3275082585841
-33.917065986962335,18.42429760362264,760.0,37.35292932581019
-33.91705357122598,18.42429889245866,761.0,37.34062385464892
-33.917040003307875,18.4242959356868,762.0,36.38056881751543
-33.917025447945605,18.424290617162157,763.0,36.92141884886188
-33.91701012388214,18.424283496981246,764.0,33.45302336516204
-33.91699433172415,18.424275262827823,765.0,32.26174075279707
-33.91697831472043,18.424266147743424,766.0,28.41231746720679
-33.91696244697914,18.42425506017191,767.0,26.497705861786265
-33.91694735228684,18.42424155900619,768.0,25.44724151234568
-33.91693379466013,18.424226331924892,769.0,24.081819179205247
-33.9169215971348,18.424209462540496,770.0,22.96235984519676
-33.91690993635048,18.424192670015934,771.0,22.125836588541667
-33.916898889198784,18.424175758672728,772.0,21.524666160300924
-33.916889618594396,18.424156702284943,773.0,20.479996865354934
-33.916881401426615,18.424137162135796,774.0,19.14388008777006
-33.91687383965557,18.4241174645714,775.0,18.59763497058256
-33.91686646949577,18.424098176286915,776.0,18.17705837673611
-33.91685905866395,18.424079792824994,777.0,17.590518783757716
-33.91685158577277,18.424062447467566,778.0,17.264253713348765
-33.91684387967319,18.424046623419002,779.0,16.82245406539352
-33.91683585038255,18.424031774701913,780.0,16.53477581259645
-33.91682786924645,18.42401790831945,781.0,16.18362937644676
-33.916820021967105,18.42400409257628,782.0,16.098554566936727
-33.91681177084277,18.42399144724633,783.0,15.913322060667438
-33.91680376631163,18.423978933318878,784.0,15.95960949556327
-33.916795948899626,18.423966957705193,785.0,15.866508306809411
-33.91678785913496,18.423955954927948,786.0,15.823488799672068
-33.91677939781031,18.423945748558477,787.0,16.22424473138503
-33.91677079081615,18.423936551595492,788.0,17.236874035493827
-33.916761722114586,18.423928455940995,789.0,18.719621913580248
-33.91675201197862,18.423922300264454,790.0,21.27757125289352
-33.91674414833202,18.42391595160598,791.0,21.802698567708333
-33.916736270355585,18.4239095992544,792.0,22.3986247347608
-33.91672948827277,18.423903129012185,793.0,22.1297403669946
-33.9167242143877,18.4238939498255,794.0,23.01842013888889
-33.9167193592228,18.42388356131671,795.0,24.63076684268904
-33.9167148765042,18.423872780899558,796.0,25.85812946084105
-33.91671049094706,18.423862214067427,797.0,26.89373034818673
-33.916706977587474,18.42385016556274,798.0,28.13784939236111
-33.91670366707235,18.423836320343927,799.0,30.39691569010417
-33.91670134915881,18.423822414359265,800.0,33.79276324990355
-33.916698715850856,18.42380719434414,801.0,35.11898913724923
-33.916695944366325,18.42379339645726,802.0,32.77728865258488
-33.9166921630395,18.423780954541662,803.0,31.435124843267747
-33.91668841998498,18.42376890946463,804.0,35.91873752170139
-33.91668507174842,18.42375885043635,805.0,35.423297526041665
-33.91668064308178,18.423750039197515,806.0,35.08590127073688
-33.91667510329303,18.423740989666147,807.0,33.984188247492284
-33.91666896439617,18.42373194484732,808.0,34.23913682725694
-33.91666152729835,18.423723911188226,809.0,35.563689175829474
-33.91665396779257,18.4237177696134,810.0,37.38032172309028
-33.91664278215402,18.42371585464312,811.0,35.74540394724151
-33.916628772912006,18.423716686790343,812.0,33.837891408661264
-33.91661233352794,18.423720101042274,813.0,31.359056954089507
-33.91659406168585,18.42372445319243,814.0,31.091635079089507
-33.916575008072364,18.42372997436841,815.0,32.123834755979935
-33.91655688443208,18.42373716979118,816.0,31.291593062789357
-33.91653821363938,18.423743656019514,817.0,31.0825821638696
-33.91651892957532,18.423752429035662,818.0,29.74433334538966
-33.91649864865422,18.42376049096298,819.0,34.577512900270065
-33.916478743942825,18.423769490313813,820.0,35.3226530550733
-33.916459525136105,18.42378010242741,821.0,36.956741476176695
-33.91644179695143,18.423791896222458,822.0,39.54922694830247
-33.91642590148401,18.423805824836172,823.0,42.2289013671875
-33.91641113398968,18.423822166867545,824.0,38.22564187885803
-33.916399422880204,18.42384069060352,825.0,36.00040913146219
-33.91638867351462,18.423859143942238,826.0,32.011272243923614
-33.91637901615492,18.423877240580484,827.0,28.846308533468363
-33.91637068853219,18.42389444672207,828.0,28.427475646219136
-33.91636457340484,18.423911467327418,829.0,26.48653507185571
-33.916358209066125,18.42393007997065,830.0,26.734876241801697
-33.916351706223125,18.423946239235708,831.0,28.24489673755787
-33.91634575890676,18.423961257682095,832.0,28.31953540943287
-33.91634084807946,18.423974536496154,833.0,26.627786940586414
-33.91633712518541,18.423985415771824,834.0,24.63228557822145
-33.91633372124602,18.42399654080815,835.0,21.12514533902392
-33.91632884016629,18.424008462820186,836.0,19.908827522183643
-33.9163227588972,18.42402216004319,837.0,19.400359278549384
-33.91631824477659,18.424036678668486,838.0,19.73135525173611
-33.91631339222921,18.42405122036178,839.0,19.920539339795525
-33.9163081117477,18.424065459811565,840.0,20.468356180073304
-33.91630253511729,18.424079458245718,841.0,20.891272907021605
-33.91629592234148,18.424093061565852,842.0,21.581318540219907
-33.916287977070446,18.42410660713672,843.0,21.646052758487656
-33.916280324814835,18.424119731894383,844.0,22.162257366415894
-33.91627333133613,18.424130951979688,845.0,22.77694565007716
-33.91627033903098,18.42414043861664,846.0,23.74892867476852
-33.916272639585216,18.424145579687547,847.0,26.0306632185571
-33.916279413962506,18.424147069634124,848.0,29.446867705922067
-33.916288639920126,18.424146589338655,849.0,30.675688295717592
-33.91630176613537,18.42415048177653,850.0,31.225858470775464
-33.91631581640831,18.42415586013159,851.0,30.73180977527006
-33.91633031551573,18.42416321490168,852.0,29.87916732976466
-33.91634538444135,18.424173682371205,853.0,31.197249770929783
-33.91635972028427,18.42418374325844,854.0,28.307629484953704
-33.91637285598447,18.424194647030685,855.0,29.58111424575617
-33.91638378065372,18.424206870318724,856.0,38.15568709008488
-33.91639234097829,18.42421885776938,857.0,46.9702742814429
-33.91639673574104,18.42423153072036,858.0,38.03978636188272
-33.91639597359291,18.424244669048694,859.0,42.488575725790895
-33.916390772456225,18.42426003973126,860.0,44.72539731626157
-33.91638212850526,18.424274507251862,861.0,41.9699830005787
-33.916371812425645,18.424288242042206,862.0,35.058753315489966
-33.91636045851189,18.424302974853077,863.0,37.43263280044367
-33.916348400893,18.424316982556643,864.0,42.74437367380401
-33.91633633033938,18.424330297577768,865.0,42.34894627700617
-33.916323223637775,18.42434397071912,866.0,35.38008638358411
-33.91630848179913,18.424356076804607,867.0,31.480419077932098
-33.916292808949365,18.42436643334234,868.0,31.9364177035108
-33.91627699667498,18.424374899157844,869.0,32.48049569589121
-33.916261220599374,18.424381526449935,870.0,34.14222445264274
-33.916245074894924,18.4243860563467,871.0,38.50917613088349
-33.916228845113764,18.424388417913086,872.0,42.81678252797068
-33.91621260533774,18.424388381254765,873.0,47.58380473572531
-33.91619614854304,18.424386544915553,874.0,50.69896466290509
-33.916179594278134,18.424382321698378,875.0,52.42530225212192
-33.91616319159181,18.424376664538457,876.0,56.15009458188658
-33.916147200227826,18.424368672417963,877.0,55.00463891300154
-33.91613159479488,18.424359519866382,878.0,51.28634964554398
-33.91611652555777,18.424349387540797,879.0,48.97719063464506
-33.91610181895924,18.424339179511385,880.0,46.4480727961034
-33.91608748210494,18.42432932453333,881.0,43.2604825544946
-33.91607354163403,18.424319802653493,882.0,40.77139003423997
-33.916060155925194,18.4243104497718,883.0,37.894404296875
-33.91604726709992,18.424301382543735,884.0,35.97311758535879
-33.91603464729517,18.42429242685284,885.0,34.78192599826389
-33.91602217083367,18.42428366725108,886.0,36.76791317033179
-33.91601006124995,18.424275153014595,887.0,41.73435854311342
-33.915998245437635,18.424266929843565,888.0,45.7082381486304
-33.91598644663311,18.424259285265112,889.0,51.33933045187114
-33.915974422402954,18.424252574165322,890.0,50.52238395785108
-33.9159621676664,18.424245823430674,891.0,49.34624150028935
-33.91594941165976,18.424239411692884,892.0,47.3339966724537
-33.91593644676427,18.42423329995747,893.0,45.47133861400463
-33.91592368727498,18.4242271790917,894.0,40.08501766251929
-33.91591095822342,18.424220449431182,895.0,33.75244653018904
-33.91589831310095,18.424213225284973,896.0,28.27219768759645
-33.91588523875133,18.42420768147987,897.0,25.060774679301694
-33.91587184737291,18.424202991733555,898.0,23.38478069540895
-33.915858257327145,18.424199293882914,899.0,21.1066567804784
-33.91584473044385,18.424196304400695,900.0,19.721153127411267
-33.915831384643745,18.424193000671067,901.0,18.015603419174383
-33.915818147916575,18.424189131165175,902.0,16.330256558641974
-33.91580467538923,18.424186519050856,903.0,14.893293487172068
-33.915791260255475,18.424184040836163,904.0,13.661823519483026
-33.91577771430056,18.42418172033109,905.0,12.963675552179785
-33.91576411945716,18.424179625649128,906.0,12.7136629533179
-33.91575063607445,18.424177356536607,907.0,12.635507209683642
-33.91573716077783,18.42417432968038,908.0,12.646758837287807
-33.91572364571208,18.42417172637689,909.0,12.760907720871913
-33.915710150332615,18.424169343130455,910.0,13.083758981963737
-33.91569684847698,18.42416677722989,911.0,13.007447976948304
-33.915683782950126,18.424163599991935,912.0,13.01838565779321
-33.915670633271105,18.42416057438911,913.0,12.836470088252314
-33.91565798300979,18.424157930173994,914.0,12.595858410493827
-33.915645493701604,18.4241567633141,915.0,11.98736545138889
-33.91563424868593,18.424156206524366,916.0,11.669103310667438
-33.915622947443346,18.42415437891088,917.0,11.393980396412037
-33.915611687601164,18.424150331484643,918.0,11.346819360050157
-33.91559996244509,18.424145606929486,919.0,11.488490849247686
-33.915588374885346,18.424139181382923,920.0,11.933204390914351
-33.915576189186304,18.42413349677481,921.0,12.30146195023148
-33.91556388098535,18.424127498258045,922.0,12.708494285300926
-33.91555142732602,18.424121857527158,923.0,12.955746166087962
-33.915539418329665,18.42411664649105,924.0,13.263366729359568
-33.91552700637378,18.424110877556082,925.0,12.927000385802469
-33.91551487111422,18.424104363861147,926.0,12.622281057098766
-33.91550247875917,18.42409942609795,927.0,12.26732349537037
-33.915491067936834,18.424093965542692,928.0,11.967021846064815
-33.91548029809944,18.4240885851577,929.0,11.694325991030093
-33.91546959907273,18.424083167962532,930.0,11.885301890432098
-33.9154590456188,18.42407801328507,931.0,11.813196132330248
-33.91544832389821,18.42407290290457,932.0,12.15205108265818
-33.91543650393098,18.42406798710607,933.0,12.17271195023148
-33.915423668735095,18.424062825315115,934.0,12.563849886670525
-33.91541050506616,18.424057287101316,935.0,12.525340470679012
-33.91539750091473,18.42405117933152,936.0,12.684969015239195
-33.915384489751396,18.424045395589182,937.0,12.421973319347996
-33.91537160633321,18.424039689543186,938.0,12.321473343460648
-33.91535875337312,18.424034686234773,939.0,11.943023485725307
-33.91534615364441,18.42402994371342,940.0,11.528302047164352
-33.91533377999598,18.424025048207007,941.0,11.04397430796682
-33.91532147419491,18.42402039026218,943.0,10.073543414834106
-33.91530938474545,18.42401555942157,944.0,10.088199025848766
-33.91529690076341,18.424011750705176,945.0,10.270844063464509
-33.91528418108823,18.424007261248217,946.0,11.09793083285108
-33.91527151746639,18.424002969299092,947.0,12.574867199556326
-33.915258958369336,18.423998532451158,948.0,14.145138949170525
-33.915246115168486,18.423994505266965,949.0,14.888191731770831
-33.91523342698431,18.42399056007188,950.0,14.468422670717592
-33.915220717419274,18.423987066954556,951.0,13.979971245659724
-33.91520806008497,18.423983162512698,952.0,13.544294463734568
-33.91519571669195,18.42397910804879,953.0,13.03995894820602
-33.91518346733258,18.42397455313616,954.0,13.497292872299385
-33.9151711839856,18.42397014602543,955.0,14.265927071277009
-33.9151586042026,18.423966365619858,956.0,16.176678240740742
-33.91514597451983,18.42396265127499,957.0,18.964184389467597
-33.91513329901964,18.42395924309178,958.0,19.507597415123456
-33.91512066605701,18.423955712616745,959.0,19.2108576871142
-33.915108034062186,18.423951844612485,960.0,18.419515817901235
-33.91509554086617,18.42394774972916,961.0,16.995287844810957
-33.91508334341224,18.423943450318298,962.0,15.279075822241513
-33.91507110212932,18.423938867824827,963.0,13.211992488908178
-33.915058676707865,18.42393460605544,964.0,12.540822000385802
-33.91504633449201,18.42393081354699,965.0,11.542171826774691
-33.91503395561235,18.423927431970814,966.0,10.614379581404322
-33.91502149966856,18.42392406288416,967.0,11.200325641396605
-33.91500903154783,18.42392041456152,968.0,12.35951057339892
-33.91499663344009,18.42391688276296,968.0,12.35951057339892
-33.91498431999411,18.42391326218311,969.0,13.42213234230324
-33.914972004621106,18.423909756619203,970.0,14.37750916280864
-33.91495974564571,18.423906590184504,971.0,13.63803065923997
-33.914947482889026,18.423903217885695,972.0,12.893910349151234
-33.91493558370596,18.423899756652485,973.0,11.795234495563273
-33.914923683102636,18.423896166792176,974.0,10.910141059027778
-33.914911792395166,18.423892845461314,975.0,9.97137062355324
-33.91490002780972,18.423889503765857,976.0,9.583901005497683
-33.91488860384756,18.423886532897455,977.0,9.114434497974536
-33.91487842944609,18.423884073168562,978.0,9.041873191550923
-33.91486791537786,18.423881372463043,979.0,9.092101839795523
-33.91485635730166,18.423878229749377,980.0,9.404957802854938
-33.91484483300171,18.423875083994815,981.0,9.70778778452932
-33.91483313276612,18.42387110041916,982.0,10.58905948591821
-33.91482124219477,18.423866902390785,983.0,11.326735026041666
-33.91480961170525,18.42386242221141,984.0,12.64562644675926
-33.9147976826769,18.423857951118766,985.0,14.97993881413966
-33.91478602877474,18.423853284567528,986.0,17.977051263503085
-33.91477428283408,18.42384819985199,987.0,20.83088390962577
-33.914762750181005,18.423843230805605,988.0,20.732754087094907
-33.914750678955336,18.423838444756463,989.0,21.65589295187114
-33.91473779872541,18.423832927372384,990.0,21.742136863425927
-33.91472464449722,18.42382764421787,991.0,20.685263913001545
-33.91471179780714,18.423823931702138,992.0,18.23124572000386
-33.9146988965365,18.423820123091623,993.0,16.333733000578704
-33.91468598174705,18.423816936769857,994.0,15.23512092496142
-33.91467307480178,18.42381343592795,995.0,14.795517095871912
-33.91466065431259,18.42380924600675,996.0,14.58421676070602
-33.91464819459611,18.423804943549474,997.0,14.482845896026234
-33.91463628488488,18.423800171003062,998.0,14.626980733989198
-33.914624470585785,18.423795248288666,999.0,14.705020917727625
-33.914612742805055,18.42379066174641,1000.0,15.146218713831018
-33.91460110909761,18.423786859181412,1001.0,15.937469196084106
-33.91458978749324,18.423782530473297,1002.0,16.301720799575616
-33.9145795500856,18.423776364160513,1003.0,16.05939742476852
-33.91457139248644,18.42376893660845,1004.0,16.32624156057099
-33.914565596309934,18.4237633191496,1005.0,16.16308461130401
-33.91456344086619,18.423762503786772,1006.0,16.4148974609375
-33.9145628642223,18.423763179260625,1007.0,16.256983205536265
-33.914563861970095,18.42376485542425,1008.0,15.73552963445216
-33.914566258575604,18.423766747029436,1009.0,15.241871624228397
-33.91456925952782,18.423768758407075,1010.0,15.705709273726852
-33.914573623791775,18.42377237986544,1011.0,14.95201015142747
-33.9145779862632,18.423777074086644,1012.0,14.806528501157407
-33.914584703734455,18.42378056673629,1013.0,14.595172224633489
-33.91459397769755,18.423786704792256,1014.0,14.593113003954477
-33.91460409983394,18.423793196336185,1015.0,14.4008846330054
-33.914614239925804,18.423800494117884,1016.0,14.414172996238426
-33.91462282996977,18.42380651600552,1017.0,14.414172996238426
